3rdparty_stout,github_action
AcademySoftwareFoundation_openexr,github_action
ChrisCummins_ProGraML,github_action
CodeIntelligenceTesting_jazzer,github_action
FirebaseExtended_protobuf-rules-gen,github_action
GoogleContainerTools_distroless,github_action
LandRover_StaffjoyV2,github_action
MobileNativeFoundation_Kronos,github_action
Neargye_magic_enum,github_action
SeleniumHQ_selenium,github_action
Tinder_bazel-diff,github_action
VeriSilicon_TIM-VX,github_action
VirusTotal_yara,github_action
adobe_rules_gitops,github_action
airyhq_airy,github_action
alibaba_async_simple,github_action
alibaba_sentinel-cpp,github_action
android_android-test,github_action
angular_angular,circleci
angular_angular-cli,circleci
angular_components,circleci
angular_components,github_action
angular_universal,circleci
apache_rocketmq,github_action
aspect-build_rules_js,github_action
autodiff_autodiff,github_action
baidu_BaikalDB,github_action
baidu_braft,github_action
batfish_batfish,github_action
bazel-ios_rules_ios,github_action
bazelbuild_bazel-buildfarm,buildkite
bazelbuild_bazel-gazelle,buildkite
bazelbuild_bazel-skylib,buildkite
bazelbuild_bazel-toolchains,buildkite
bazelbuild_bazel-toolchains,github_action
bazelbuild_bazel-watcher,buildkite
bazelbuild_bazel-watcher,github_action
bazelbuild_bazelisk,buildkite
bazelbuild_rules_apple,buildkite
bazelbuild_rules_cc,buildkite
bazelbuild_rules_docker,buildkite
bazelbuild_rules_docker,github_action
bazelbuild_rules_dotnet,buildkite
bazelbuild_rules_foreign_cc,buildkite
bazelbuild_rules_foreign_cc,github_action
bazelbuild_rules_go,buildkite
bazelbuild_rules_jvm_external,buildkite
bazelbuild_rules_k8s,buildkite
bazelbuild_rules_kotlin,buildkite
bazelbuild_rules_kotlin,github_action
bazelbuild_rules_nodejs,buildkite
bazelbuild_rules_nodejs,github_action
bazelbuild_rules_pkg,buildkite
bazelbuild_rules_python,buildkite
bazelbuild_rules_python,github_action
bazelbuild_rules_rust,buildkite
bazelbuild_rules_rust,github_action
bazelbuild_rules_swift,buildkite
bazelbuild_tulsi,buildkite
bazelbuild_tulsi,github_action
beancount_beancount,github_action
brendanhay_amazonka,github_action
buchgr_bazel-remote,buildkite
buchgr_bazel-remote,github_action
bufbuild_protoc-gen-validate,github_action
buildbuddy-io_buildbuddy,github_action
bytecodealliance_wasmtime-go,github_action
carbon-language_carbon-lang,github_action
chipsalliance_verible,github_action
cierelabs_json_spirit,github_action
cloudflare_sciuro,github_action
cockroachdb_cockroach,github_action
cockroachdb_cockroach-operator,github_action
deepmind_lab,github_action
deepmind_lab2d,github_action
divergencetech_ethier,github_action
dreal_dreal4,github_action
dtolnay_cxx,github_action
eclipse-iceoryx_iceoryx,github_action
emer_emergent,github_action
envoyproxy_data-plane-api,circleci
envoyproxy_envoy,buildkite
envoyproxy_envoy,github_action
envoyproxy_envoy-mobile,github_action
evilcorpltd_aTox,github_action
facebookresearch_CompilerGym,github_action
gTile_gTile,github_action
google-research_turkish-morphology,github_action
google_benchmark,github_action
google_brotli,github_action
google_brunsli,github_action
google_chrome-ssh-agent,github_action
google_closure-compiler,github_action
google_cpu_features,github_action
google_crubit,buildkite
google_differential-privacy,github_action
google_double-conversion,github_action
google_elemental2,github_action
google_fruit,github_action
google_go-jsonnet,github_action
google_google-toolbox-for-mac,github_action
google_googletest,github_action
google_guice,github_action
google_highway,github_action
google_incremental-dom,circleci
google_j2cl,github_action
google_lyra,github_action
google_nucleus,github_action
google_re2,github_action
google_santa,github_action
google_schedviz,github_action
google_tensorstore,github_action
google_tink,github_action
googleapis_gapic-generator-go,github_action
googleapis_gax-java,github_action
googleapis_googleapis,github_action
grab_Grazel,github_action
grpc-ecosystem_grpc-gateway,github_action
grpc-ecosystem_java-grpc-prometheus,github_action
grpc-ecosystem_polyglot,github_action
grpc_grpc,buildkite
grpc_grpc,github_action
grpc_grpc-kotlin,github_action
grpc_grpc-proto,github_action
iree-org_iree,github_action
jbcoe_polymorphic_value,github_action
jbeder_yaml-cpp,github_action
jesec_rtorrent,github_action
johnynek_bazel-deps,github_action
jpsim_SourceKitten,github_action
jpsim_Yams,github_action
jupp0r_prometheus-cpp,github_action
jvolkman_intellij-protobuf-editor,github_action
keras-team_keras-cv,github_action
larq_compute-engine,github_action
lewish_asciiflow,github_action
liuliu_dflat,github_action
livegrep_livegrep,circleci
livegrep_livegrep,github_action
magma_magma,github_action
martian-lang_martian,github_action
masc-ucsc_livehd,github_action
morganstanley_modern-cpp-kafka,github_action
nanopb_nanopb,github_action
nelhage_rules_boost,circleci
opencivicdata_ocd-division-ids,github_action
openconfig_gnoi,github_action
oppia_oppia-android,github_action
p4lang_PI,github_action
p4lang_p4c,github_action
pinterest_xchammer,github_action
primihub_primihub,github_action
project,tool
project-oak_oak,github_action
protocolbuffers_protobuf,github_action
protocolbuffers_upb,github_action
proxy-wasm_proxy-wasm-cpp-sdk,github_action
proxy-wasm_proxy-wasm-rust-sdk,github_action
prysmaticlabs_prysm,github_action
pytorch_FBGEMM,github_action
pytorch_TensorRT,circleci
pytorch_TensorRT,github_action
pytorch_pytorch,circleci
pytorch_pytorch,github_action
quantumlib_Stim,github_action
rabbitmq_ra,github_action
rabbitmq_rabbitmq-server,github_action
risc0_risc0,github_action
sail-sg_envpool,github_action
sematic-ai_sematic,circleci
snape_RVO2,github_action
snape_RVO2-3D,github_action
snape_RVO2-CS,github_action
snuspl_nimble,circleci
squzy_squzy,github_action
stackb_rules_proto,buildkite
stratum_stratum,circleci
stripe_skycfg,github_action
tensorflow_addons,github_action
tensorflow_probability,github_action
tensorflow_recommenders-addons,github_action
tensorflow_tensorboard,github_action
thesayyn_protoc-gen-ts,github_action
thought-machine_please,circleci
tweag_clodl,circleci
tweag_inline-java,circleci
tweag_rules_haskell,buildkite
tweag_rules_haskell,github_action
tweag_rules_nixpkgs,github_action
tweag_sparkle,circleci
uber_ios-snapshot-test-case,github_action
vaticle_biograkn,circleci
vaticle_typedb,circleci
vaticle_typedb-studio,circleci
wasmerio_wasmer-go,github_action
wix_exodus,github_action
yuxiangw_autodp,github_action
